Date,Start Time,End Time,Venue,Module,Session,Title,Staff,Group
24 Feb 2025,8:00 AM,1:00 PM,"505-011, 505-007","221","Lecture","Introduction, Healthy Early Childhood Development","C Barrett",""
24 Feb 2025,1:00 PM,5:00 PM,"505-011, 505-007","221","Lecture","Whakanoa","",""
25 Feb 2025,9:00 AM,10:00 AM,"505-011 & 503-024","PCS1","Lecture","Code of Conduct","M Haywood, E Peat",""
25 Feb 2025,10:30 AM,12:00 PM,"505-011 & 503-024","221","Lecture","MBCHB Structure","",""
25 Feb 2025,12:00 PM,1:00 PM,"505-011 & 503-024","MSS","Lecture","Intro to Anatomy and the MS module","M Scadeng & P Riordan",""
25 Feb 2025,2:00 PM,3:00 PM,"505-011","POM","Lecture","Intro","C Print",""
26 Feb 2025,9:00 AM,10:30 AM,"505-011 & 503-024","PCS1","Lecture","PCS 1 Introduction","S Stevens, N Simonov, H Bhoopaktar, S Turner",""
26 Feb 2025,10:30 AM,12:00 PM,"505-011 & 503-024","PCS1","Lecture","SAFE-DRS: Stories","",""
26 Feb 2025,12:00 PM,1:30 PM,"502039 & 041","221","Lab","Lab Skills","","Tbl 1B-10B"
26 Feb 2025,1:30 PM,3:00 PM,"502039 & 041","221","Lab","Lab Skills","","Tbl 11B-15B & Tbl 11A-15A"
26 Feb 2025,3:00 PM,4:30 PM,"502039 & 041","221","Lab","Lab Skills","","Tbl 1A-10A"
27 Feb 2025,9:00 AM,10:30 AM,"505-011 & 503-024","221","Lecture","Becoming doctors","",""
27 Feb 2025,11:00 AM,12:00 PM,"505-011 & 503-024","MSS","Lecture","The Pectoral girdle","P Riordan",""
27 Feb 2025,1:00 PM,2:00 PM,"Online","221","Lab","Microscopy Intro","",""
28 Feb 2025,8:00 AM,9:00 AM,"505-011 & 503-024","MSS","Lecture","Skin","P Jarrett",""
28 Feb 2025,9:00 AM,10:30 AM,"502150N & S, 502039 & 041","MSS","Lab","Introduction to connective tissues","S O'Carroll","Tbl 1A-15A"
28 Feb 2025,9:00 AM,11:00 AM,"HAL","MSS","Workshop","HAL Introduction and Surface Anatomy","P Riordan, P Jarrett","Tbl 1B-15B"
28 Feb 2025,11:00 AM,12:30 PM,"502150N & S, 502039 & 041","MSS","Lab","Introduction to connective tissues","S O'Carroll","Tbl 1B-15B"
28 Feb 2025,11:00 AM,1:00 PM,"HAL","MSS","Workshop","HAL Introduction and Surface Anatomy","P Riordan, P Jarrett","Tbl 1A-15A"
28 Feb 2025,1:30 PM,3:00 PM,"502034","PCS1","Clinical Skills","Intro A","","SGA 1-2"
28 Feb 2025,3:30 PM,5:00 PM,"502034","PCS1","Clinical Skills","Intro A","","SGA 3-4"
03 Mar 2025,8:00 AM,9:00 AM,"505-011","MSS","Lecture","Overview of the Nervous System and Spinal Cord","S O'Carroll",""
03 Mar 2025,9:00 AM,10:00 AM,"505-011","PCS1","Lecture","Becoming a doctor: The importance of reflective practice in your learning","A MacCormick",""
03 Mar 2025,11:00 AM,12:00 PM,"505-011","POM","Lecture","Imaging and Radiology","M Scadeng",""
03 Mar 2025,12:00 PM,1:00 PM,"505-011","MSS","Lecture","Axilla and Brachial Plexus","P Riordan",""
03 Mar 2025,1:30 PM,3:00 PM,"502034","PCS1","Clinical Skills","Intro A","","SGA 11-12"
03 Mar 2025,2:00 PM,3:45 PM,"502003, 503024, 503122, 503126, 503128, 507-LG002","PCS1","SGA","Introduction to SGA / Debrief Whakanoa","","SGA 1-6"
03 Mar 2025,3:30 PM,5:00 PM,"502034","PCS1","Clinical Skills","Intro A","","SGA 13-14"
03 Mar 2025,4:00 PM,5:45 PM,"502003, 503024, 503122, 503126, 507G125, 507-G135","PCS1","SGA","Introduction to SGA / Debrief Whakanoa","","SGA 7-12"
04 Mar 2025,9:00 AM,10:00 AM,"505-011","PCS1","Lecture","How do I Learn?","A Wearn",""
04 Mar 2025,11:00 AM,12:00 PM,"505-011","POM","Lecture","Cell injury and inflammation","C Print",""
04 Mar 2025,12:00 PM,1:00 PM,"505-011","POM","Lecture","Healing and Repair","C Print",""
05 Mar 2025,9:00 AM,11:00 AM,"HAL","MSS","Workshop","The Pectoral girdle","P Riordan","Tbl 1A-15A"
05 Mar 2025,11:00 AM,1:00 PM,"HAL","MSS","Workshop","The Pectoral girdle","P Riordan","Tbl 1B-15B"
05 Mar 2025,1:30 PM,3:00 PM,"502034","PCS1","Clinical Skills","Intro A","","SGA 19-20"
05 Mar 2025,2:00 PM,3:45 PM,"502003, 503024, 503122, 503126, 503128, 507G007","PCS1","SGA","Introduction to SGA / Debrief Whakanoa","","SGA 13-18"
05 Mar 2025,3:30 PM,5:00 PM,"502034","PCS1","Clinical Skills","Intro A","","SGA 7-8"
05 Mar 2025,4:00 PM,5:45 PM,"502003, 503024, 503122, 503126, 503128, 507LG045","PCS1","SGA","Introduction to SGA / Debrief Whakanoa","","SGA 19-24"
06 Mar 2025,8:00 AM,9:00 AM,"505-011","MSS","Lecture","Arm & cubital fossa","P Riordan",""
06 Mar 2025,9:00 AM,10:00 AM,"505-011","MSS","Lecture","Shoulder and elbow","P Riordan",""
06 Mar 2025,11:00 AM,12:00 PM,"505-011","POM","Lecture","Introduction to microbes, immunity and disease","S Ritchie and C Print",""
06 Mar 2025,12:00 PM,1:00 PM,"505-011","MSS","Lecture","Forearm (flexor compartment) and wrist","P Riordan",""
07 Mar 2025,8:00 AM,9:00 AM,"505-011","MSS","Lecture","Applied / Clinical Radiology","M Scadeng",""
07 Mar 2025,9:00 AM,11:00 AM,"HAL","MSS","Workshop","Axilla and Brachial Plexus","P Riordan","Tbl 1B-15B"
07 Mar 2025,9:00 AM,11:00 AM,"502150N&S, 502039 & 041","POM","Workshop","Inflammation Workshop","","Tbl 1A-10A"
07 Mar 2025,11:00 AM,1:00 PM,"HAL","MSS","Workshop","Axilla and Brachial Plexus","P Riordan","Tbl 1A-15A"
07 Mar 2025,11:30 AM,1:30 PM,"502150N&S, 502039 & 041","POM","Workshop","Inflammation Workshop","","Tbl 1B-10B"
07 Mar 2025,2:00 PM,4:00 PM,"502150N&S, 502039 & 041","POM","Workshop","Inflammation Workshop","","Tbl 11A-15A & Tbl 11B-15B"
10 Mar 2025,8:00 AM,9:00 AM,"505-011","POM","Lecture","Activities of Pathogens I","S Ritchie",""
10 Mar 2025,9:00 AM,10:00 AM,"505-011","PCS1","Lecture","SAFE-DRS: Emotional intelligence & self care","",""
10 Mar 2025,11:00 AM,12:00 PM,"505-011","MSS","Lecture","Hand","P Riordan",""
10 Mar 2025,12:00 PM,1:00 PM,"505-011","MSS","Lecture","Forearm (extensor compartment)","P Riordan",""
10 Mar 2025,1:30 PM,3:00 PM,"502034","PCS1","Clinical Skills","Intro A","","SGA 15-16"
10 Mar 2025,2:00 PM,3:45 PM,"502003, 503024, 503122, 503126, 503128, 507-LG002","PCS1","SGA","Reflecting on Learning and Portfolio Plan","","SGA 1-6"
10 Mar 2025,3:30 PM,5:00 PM,"502034","PCS1","Clinical Skills","Intro A","","SGA 17-18"
10 Mar 2025,4:00 PM,5:45 PM,"502003, 503024, 503122, 503126, 507G125, 507-G135","PCS1","SGA","Reflecting on Learning and Portfolio Plan","","SGA 7-12"
11 Mar 2025,9:00 AM,10:00 AM,"505-011","POM","Lecture","","",""
11 Mar 2025,11:00 AM,12:00 PM,"505-011","LabILA","Lecture","Introduction, Healthy Early Childhood Development","R Ho",""
11 Mar 2025,12:00 PM,1:00 PM,"505-011","POM","Lecture","T cells and Antibodies in Infection","C Print",""
11 Mar 2025,2:00 PM,5:00 PM,"Offsite","LabILA","GP Visit","","",""
12 Mar 2025,9:00 AM,11:00 AM,"HAL","MSS","Workshop","Arm and Shoulder","P Riordan","Tbl 1A-15A"
12 Mar 2025,11:00 AM,1:00 PM,"HAL","MSS","Workshop","Arm and Shoulder","P Riordan","Tbl 1B-15B"
12 Mar 2025,1:30 PM,3:00 PM,"502034","PCS1","Clinical Skills","Intro A","","SGA 5-6"
12 Mar 2025,2:00 PM,3:45 PM,"502003, 503024, 503122, 503126, 503128, 507G007","PCS1","SGA","Reflecting on Learning and Portfolio Plan","","SGA 13-18"
12 Mar 2025,3:30 PM,5:00 PM,"502034","PCS1","Clinical Skills","Intro A","","SGA 9-10"
12 Mar 2025,4:00 PM,5:45 PM,"502003, 503024, 503122, 503126, 503128, 507LG045","PCS1","SGA","Reflecting on Learning and Portfolio Plan","","SGA 19-24"
13 Mar 2025,8:00 AM,9:00 AM,"505-011","PCS1","Lecture","Ethics and the body","M Jonas",""
13 Mar 2025,9:00 AM,10:00 AM,"505-011","POM","Lecture","","",""
13 Mar 2025,11:00 AM,12:00 PM,"505-011","POM","Lecture","Influenza","S Ritchie",""
13 Mar 2025,12:00 PM,1:00 PM,"505-011","MSS","Lecture","Back: Vertebral Column and Musculature","P Riordan",""
13 Mar 2025,2:00 PM,5:00 PM,"Offsite","LabILA","GP Visit","","",""
14 Mar 2025,8:00 AM,9:00 AM,"505-011","MSS","Lecture","Bone: Structure, Growth and Repair","S McGlashan",""
14 Mar 2025,9:00 AM,10:30 AM,"502150N & S, 502039 & 041","MSS","Lab","Bone Growth and Repair","S McGlashan","Tbl 1A-15A"
14 Mar 2025,9:00 AM,11:00 AM,"HAL","MSS","Workshop","Forarm flexor and superficial hand","P Riordan","Tbl 1B-15B"
14 Mar 2025,11:00 AM,12:30 PM,"502150N & S, 502039 & 041","MSS","Lab","Bone Growth and Repair","S McGlashan","Tbl 1B-15B"
14 Mar 2025,11:00 AM,1:00 PM,"HAL","MSS","Workshop","Forarm flexor and superficial hand","P Riordan","Tbl 1A-15A"
14 Mar 2025,1:30 PM,3:00 PM,"502034","PCS1","Clinical Skills","Intro A","","SGA 21-22"
14 Mar 2025,3:30 PM,5:00 PM,"502034","PCS1","Clinical Skills","Intro A","","SGA 23-24"
17 Mar 2025,8:00 AM,9:00 AM,"505-011","MSS","Lecture","Skeletal muscle 1","M Ward",""
17 Mar 2025,9:00 AM,10:00 AM,"505-011","PCS1","Lecture","Communication Skills 1","A Wearn",""
17 Mar 2025,11:00 AM,12:00 PM,"505-011","POM","Lecture","Activities of Pathogens 2","S Ritchie",""
17 Mar 2025,12:00 PM,1:00 PM,"505-011","MSS","Lecture","Skeletal muscle 2","M Ward",""
17 Mar 2025,2:00 PM,3:45 PM,"502003, 503024, 503122, 503126, 503128, 507-LG002","PCS1","SGA","Reflective Writing","","SGA 1-6"
17 Mar 2025,4:00 PM,5:45 PM,"502003, 503024, 503122, 503126, 507G125, 507-G135","PCS1","SGA","Reflective Writing","","SGA 7-12"
18 Mar 2025,9:00 AM,10:00 AM,"505-011","PCS1","Lecture","Ethical concepts and reasoning 1","M Jonas",""
18 Mar 2025,11:00 AM,12:00 PM,"505-011","LabILA","Lecture","Growth and Development","R Ho",""
18 Mar 2025,12:00 PM,1:00 PM,"505-011","POM","Lecture","Innate and Adaptive Immunity in Infection","C Print",""
18 Mar 2025,2:00 PM,5:00 PM,"Offsite","LabILA","GP Visit","","",""
19 Mar 2025,9:00 AM,11:00 AM,"HAL","MSS","Workshop","Deep Hand and Forearm extensor","P Riordan","Tbl 1A-15A"
19 Mar 2025,11:00 AM,1:00 PM,"HAL","MSS","Workshop","Deep Hand and Forearm extensor","P Riordan","Tbl 1B-15B"
19 Mar 2025,1:30 PM,3:00 PM,"502034","PCS1","Clinical Skills","Musculoskeletal","","SGA 21-22"
19 Mar 2025,2:00 PM,3:45 PM,"502003, 503024, 503122, 503126, 503128, 507G007","PCS1","SGA","Reflective Writing","","SGA 13-18"
19 Mar 2025,3:30 PM,5:00 PM,"502034","PCS1","Clinical Skills","Musculoskeletal","","SGA 5-6"
19 Mar 2025,4:00 PM,5:45 PM,"502003, 503024, 503122, 503126, 503128, 507LG045","PCS1","SGA","Reflective Writing","","SGA 19-24"
20 Mar 2025,8:00 AM,9:00 AM,"505-011","POM","Lecture","Introduction to Medical Genetics and Medelian Inheritance","S Ritchie",""
20 Mar 2025,9:00 AM,10:00 AM,"505-011","POM","Lecture","Modern Technologies in Pathology: Tissues, Molecules, Genes and Informatics","C Print",""
20 Mar 2025,11:00 AM,12:00 PM,"505-011","MSS","Lecture","Skeletal muscle 3","M Ward",""
20 Mar 2025,12:00 PM,1:00 PM,"505-011","POM","Lecture","Patient with Tuberculosis","S Ritchie",""
20 Mar 2025,1:30 PM,3:00 PM,"502034","PCS1","Clinical Skills","Intro B","","SGA 21-22"
20 Mar 2025,2:00 PM,5:00 PM,"Offsite","LabILA","GP Visit","","",""
20 Mar 2025,3:30 PM,5:00 PM,"502034","PCS1","Clinical Skills","Intro B","","SGA 19-20"
21 Mar 2025,8:00 AM,9:00 AM,"505-011","MSS","Lecture","Motor control I","M Ward",""
21 Mar 2025,9:00 AM,10:30 AM,"502150N & S, 502039 & 041","MSS","Lab","Vertebral Column","S O'Carroll","Tbl 1A-15A"
21 Mar 2025,9:00 AM,11:00 AM,"HAL","MSS","Workshop","Posterior Pectoral Girdle, Back and Spine","P Riordan","Tbl 1B-15B"
21 Mar 2025,11:00 AM,12:30 PM,"502150N & S, 502039 & 041","MSS","Lab","Vertebral Column","S O'Carroll","Tbl 1B-15B"
21 Mar 2025,11:00 AM,1:00 PM,"HAL","MSS","Workshop","Posterior Pectoral Girdle, Back and Spine","P Riordan","Tbl 1A-15A"
21 Mar 2025,1:30 PM,3:00 PM,"502034","PCS1","Clinical Skills","Intro B","","SGA 7-8"
21 Mar 2025,3:30 PM,5:00 PM,"502034","PCS1","Clinical Skills","Intro B","","SGA 11-12"
24 Mar 2025,12:00 AM,12:00 AM,"","PCS1","Deadline","Emotional Intelligence Homework (bring to your SGA group)","",""
24 Mar 2025,8:00 AM,9:00 AM,"505-011","MSS","Lecture","Motor control II","M Ward",""
24 Mar 2025,9:00 AM,10:00 AM,"505-011","POM","Lecture","Answering Case Scenario Questions: Inflammation, Immunology and Microbiology","C Print",""
24 Mar 2025,11:00 AM,12:00 PM,"505-011","MSS","Lecture","Femoral Triangle and Antero-Medial Thigh","M Scadeng",""
24 Mar 2025,12:00 PM,1:00 PM,"505-011","LabILA","Lecture","Pregnancy & Childbirth","J Alsweiler/N Anderson",""
24 Mar 2025,1:30 PM,3:00 PM,"502034","PCS1","Clinical Skills","Intro B","","SGA 13-14"
24 Mar 2025,2:00 PM,3:45 PM,"502003, 503024, 503122, 503126, 503128, 507-LG002","PCS1","SGA","Ethical Cases - Autonomy","","SGA 1-6"
24 Mar 2025,3:30 PM,5:00 PM,"502034","PCS1","Clinical Skills","Intro B","","SGA 23-24"
24 Mar 2025,4:00 PM,5:45 PM,"502003, 503024, 503122, 503126, 507G125, 507-G135","PCS1","SGA","Ethical Cases - Autonomy","","SGA 7-12"
25 Mar 2025,9:00 AM,10:00 AM,"505-011","PCS1","Lecture","Ethical concepts and reasoning 2","M Jonas",""
25 Mar 2025,11:00 AM,12:00 PM,"505-011","POM","Lecture","HIV Mini-Symposium (Hour 1)","S Ritchie",""
25 Mar 2025,12:00 PM,1:00 PM,"505-011","POM","Lecture","HIV Mini-Symposium (Hour 2)","S Ritchie",""
25 Mar 2025,2:00 PM,5:00 PM,"502-250 N&S","MSS","Phys Lab","Clinical Physiology","M Ward, A Bhargava","SGA 1-6"
25 Mar 2025,2:00 PM,5:00 PM,"Offsite","LabILA","GP Visit","","",""
25 Mar 2025,10:00 PM,10:00 PM,"","HM","Deadline","Whakanoa Reflection","",""
26 Mar 2025,9:00 AM,11:00 AM,"HAL","MSS","Workshop","Femoral Triangle and Antero-Medial Thigh","P Riordan","Tbl 1A-15A"
26 Mar 2025,11:00 AM,1:00 PM,"HAL","MSS","Workshop","Femoral Triangle and Antero-Medial Thigh","P Riordan","Tbl 1B-15B"
26 Mar 2025,1:30 PM,3:00 PM,"502034","PCS1","Clinical Skills","Musculoskeletal","","SGA 1-2"
26 Mar 2025,2:00 PM,3:45 PM,"502003, 503024, 503122, 503126, 503128, 507G007","PCS1","SGA","Ethical Cases - Autonomy","","SGA 13-18"
26 Mar 2025,4:00 PM,5:30 PM,"502034","PCS1","Clinical Skills","Musculoskeletal","","SGA 13-14"
26 Mar 2025,4:00 PM,5:45 PM,"502003, 503024, 503122, 503126, 503128, 507LG045","PCS1","SGA","Ethical Cases - Autonomy","","SGA 19-24"
27 Mar 2025,8:00 AM,9:00 AM,"505-011","POM","Lecture","Stem Cells, Regenerative Medicine and Genetic Therapies","C Print",""
27 Mar 2025,9:00 AM,10:00 AM,"505-011","MSS","Lecture","Joints And Joint Tissues","S McGlashan",""
27 Mar 2025,11:00 AM,12:00 PM,"505-011","LabILA","Lecture","Prenatal determinants of Health & Development","T Wouldes",""
27 Mar 2025,12:00 PM,1:00 PM,"505-011","LabILA","Lecture","Motor & Cognitive Development in Infancy","T Wouldes",""
27 Mar 2025,2:00 PM,5:00 PM,"502-250 N&S","MSS","Phys Lab","Clinical Physiology","M Ward, A Bhargava","SGA 7-12"
27 Mar 2025,2:00 PM,5:00 PM,"Offsite","LabILA","GP Visit","","",""
28 Mar 2025,12:00 AM,12:00 AM,"","PCS1","Deadline","Emotional Intelligence Homework (bring to your SGA group)","",""
28 Mar 2025,8:00 AM,9:00 AM,"505-011","MSS","Lecture","Gluteal Region and Posterior Thigh","M Scadeng",""
28 Mar 2025,9:00 AM,10:30 AM,"502150N & S, 502039 & 041","MSS","Lab","Joints And Joint Tissues","S McGlashan","Tbl 1A-15A"
28 Mar 2025,9:00 AM,11:00 AM,"HAL","MSS","Workshop","Gluteal Region and Posterior Thigh","P Riordan","Tbl 1B-15B"
28 Mar 2025,11:00 AM,12:30 PM,"502150N & S, 502039 & 041","MSS","Lab","Joints And Joint Tissues","S McGlashan","Tbl 1B-15B"
28 Mar 2025,11:00 AM,1:00 PM,"HAL","MSS","Workshop","Gluteal Region and Posterior Thigh","P Riordan","Tbl 1A-15A"
28 Mar 2025,2:00 PM,5:00 PM,"502-250 N&S","MSS","Phys Lab","Clinical Physiology","M Ward, A Bhargava","SGA 13-18"
31 Mar 2025,8:00 AM,9:00 AM,"505-011","MSS","Lecture","Hip Joint","M Scadeng",""
31 Mar 2025,9:00 AM,10:00 AM,"505-011","PCS1","Lecture","SAFE-DRS: Focused Attention and Mindfulness","",""
31 Mar 2025,11:00 AM,12:00 PM,"505-011","MSS","Lecture","Posterior Leg and Thigh","M Scadeng",""
31 Mar 2025,12:00 PM,1:00 PM,"505-011","POM","Lecture","Chromosomal Disorders","P Browlett",""
31 Mar 2025,1:30 PM,3:00 PM,"502034","PCS1","Clinical Skills","Intro B","","SGA 15-16"
31 Mar 2025,2:00 PM,3:45 PM,"502003, 503024, 503122, 503126, 503128, 502-463","PCS1","SGA","SAFE-DRS: Emotional Intelligence","","SGA 1-6"
31 Mar 2025,4:00 PM,5:30 PM,"502034","PCS1","Clinical Skills","Intro B","","SGA 1-2"
31 Mar 2025,4:00 PM,5:45 PM,"502003, 503024, 503122, 503126, 507G125, 507-G135","PCS1","SGA","SAFE-DRS: Emotional Intelligence","","SGA 7-12"
01 Apr 2025,9:00 AM,10:00 AM,"505-011","POM","Lecture","X-Linked Disorder and Mitochondrial Inheritance","P Browlett",""
01 Apr 2025,11:00 AM,12:00 PM,"505-011","MSS","Lecture","Knee Joint","M Scadeng",""
01 Apr 2025,12:00 PM,1:00 PM,"505-011","MSS","Lecture","Anterior and Lateral Leg","M Scadeng",""
01 Apr 2025,2:00 PM,5:00 PM,"502-250 N&S","MSS","Phys Lab","Clinical Physiology","M Ward, A Bhargava","SGA 19-24"
02 Apr 2025,9:00 AM,11:00 AM,"HAL","MSS","Workshop","Posterior Leg and Popliteal Fossa","P Riordan","Tbl 1A-15A"
02 Apr 2025,11:00 AM,1:00 PM,"HAL","MSS","Workshop","Posterior Leg and Popliteal Fossa","P Riordan","Tbl 1B-15B"
02 Apr 2025,1:30 PM,3:00 PM,"502034","PCS1","Clinical Skills","Musculoskeletal","","SGA 11-12"
02 Apr 2025,2:00 PM,3:45 PM,"502003, 503024, 503122, 503126, 503128, 507G007","PCS1","SGA","SAFE-DRS: Emotional Intelligence","","SGA 13-18"
02 Apr 2025,4:00 PM,5:30 PM,"502034","PCS1","Clinical Skills","Musculoskeletal","","SGA 17-18"
02 Apr 2025,4:00 PM,5:45 PM,"502003, 503024, 503122, 503126, 503128, 507LG045","PCS1","SGA","SAFE-DRS: Emotional Intelligence","","SGA 19-24"
03 Apr 2025,8:00 AM,9:00 AM,"505-011","221","Lecture","Progress Test Info","C Barrett",""
03 Apr 2025,9:00 AM,10:00 AM,"505-011","POM","Lecture","Introduction to Epigenetics, Genomic Imprinting and Dynamic Mutation","C Blenkiron",""
03 Apr 2025,11:00 AM,12:00 PM,"505-011","PCS1","Lecture","Valid Consent","M Jonas",""
03 Apr 2025,12:00 PM,1:00 PM,"505-011","LabILA","Lecture","Common Paediatric Illnesses","R Ho",""
03 Apr 2025,2:00 PM,5:00 PM,"Offsite","LabILA","GP Visit","","",""
04 Apr 2025,8:00 AM,9:00 AM,"505-011","PCS1","Lecture","Confidentiality","M Jonas",""
04 Apr 2025,9:00 AM,11:00 AM,"HAL","MSS","Workshop","Anterior Leg and Knee","P Riordan","Tbl 1B-15B"
04 Apr 2025,9:00 AM,11:00 AM,"502150N&S, 502039 & 041","POM","Workshop","Medical Genetics Workshop","","Tbl 1A-10A"
04 Apr 2025,11:00 AM,1:00 PM,"HAL","MSS","Workshop","Anterior Leg and Knee","P Riordan","Tbl 1A-15A"
04 Apr 2025,11:30 AM,1:30 PM,"502150N&S, 502039 & 041","POM","Workshop","Medical Genetics Workshop","","Tbl 1B-10B"
04 Apr 2025,2:00 PM,4:00 PM,"502150N&S, 502039 & 041","POM","Workshop","Medical Genetics Workshop","","Tbl 11A-15A & Tbl 11B-15B"
07 Apr 2025,8:00 AM,9:00 AM,"505-011","MSS","Lecture","Ankle and foot","M Scadeng",""
07 Apr 2025,9:00 AM,10:00 AM,"505-011","PCS1","Lecture","SAFE-DRS: Stress and the Mind-Body connection","",""
07 Apr 2025,11:00 AM,12:00 PM,"505-011","LabILA","Lecture","The Importance of Early relationships in Infancy & HELD","T Wouldes",""
07 Apr 2025,12:00 PM,1:00 PM,"505-011","MSS","Lecture","Revision / Test information","M Scadeng, P Riordan",""
07 Apr 2025,1:30 PM,3:00 PM,"502034","PCS1","Clinical Skills","Intro B","","SGA 5-6"
07 Apr 2025,2:00 PM,3:00 PM,"502003, 503024, 503122, 503126","POM","Tutorial","Issues for a Family with Thalassaemia","","Tbl 1B-5B"
07 Apr 2025,3:00 PM,4:00 PM,"502003, 503024, 503122, 503126","POM","Tutorial","Issues for a Family with Thalassaemia","","Tbl 6B-15B"
07 Apr 2025,3:30 PM,5:00 PM,"502034","PCS1","Clinical Skills","Intro B","","SGA 3-4"
08 Apr 2025,9:00 AM,10:00 AM,"505-011","PCS1","Lecture","Ethics assessments: Requirements and Q&A","M Jonas",""
08 Apr 2025,11:00 AM,12:00 PM,"505-011","POM","Lecture","Principles of Multifactorial Genetic Disease","P Browlett",""
08 Apr 2025,12:00 PM,1:00 PM,"505-011","POM","Lecture","Integrated Approach to a Genetic Disorder: Cystic Fibrosis","P Browlett",""
08 Apr 2025,2:00 PM,5:00 PM,"Offsite","LabILA","GP Visit","","",""
09 Apr 2025,9:00 AM,11:00 AM,"HAL","MSS","Workshop","Ankle Joint and Foot","P Riordan","Tbl 1A-15A"
09 Apr 2025,11:00 AM,1:00 PM,"HAL","MSS","Workshop","Ankle Joint and Foot","P Riordan","Tbl 1B-15B"
09 Apr 2025,1:30 PM,3:00 PM,"502034","PCS1","Clinical Skills","Musculoskeletal","","SGA 19-20"
09 Apr 2025,2:00 PM,3:00 PM,"502003, 503024, 503126, 507G007","POM","Tutorial","Issues for a Family with Thalassaemia","","Tbl 1A-10A"
09 Apr 2025,3:00 PM,4:00 PM,"503024, 503126, 503122, 502003","POM","Tutorial","Issues for a Family with Thalassaemia","","Tbl 11A-15A"
09 Apr 2025,3:30 PM,5:00 PM,"502034","PCS1","Clinical Skills","Musculoskeletal","","SGA 15-16"
10 Apr 2025,8:00 AM,9:00 AM,"505-011","POM","Lecture","Testing for Genetic Disorders","P Browlett",""
10 Apr 2025,9:00 AM,10:00 AM,"505-011","LabILA","Lecture","Middle Childhood and Adolescence 2","T Wouldes",""
10 Apr 2025,11:00 AM,12:00 PM,"505-011","PCS1","Lecture","Information Giving and Concealment","M Jonas",""
10 Apr 2025,12:00 PM,1:00 PM,"505-011","POM","Lecture","","",""
10 Apr 2025,2:00 PM,5:00 PM,"Offsite","LabILA","GP Visit","","",""
14 Apr 2025,10:00 AM,1:00 PM,"","221","Test","Progress Test (PT37)","",""
28 Apr 2025,6:00 PM,8:30 PM,"505-011, 505-007","MSS","Test","Musculoskeletal System End-of-Module Test","",""
29 Apr 2025,9:00 AM,10:00 AM,"505-011","DS","Lecture","","",""
29 Apr 2025,11:00 AM,12:00 PM,"505-011","POM","Lecture","Ethics and Medical Genetics","S Bull",""
29 Apr 2025,12:00 PM,1:00 PM,"505-011","PCS1","Lecture","Competence and Medical Decision Making","M Jonas",""
29 Apr 2025,2:00 PM,5:00 PM,"Offsite","LabILA","GP Visit","","",""
30 Apr 2025,1:30 PM,3:00 PM,"502034","PCS1","Clinical Skills","Musculoskeletal","","SGA 23-24"
30 Apr 2025,3:30 PM,5:00 PM,"502034","PCS1","Clinical Skills","Musculoskeletal","","SGA 7-8"
01 May 2025,8:00 AM,9:00 AM,"505-011","DS","Lecture","","",""
01 May 2025,9:00 AM,10:00 AM,"505-011","DS","Lecture","","",""
01 May 2025,11:00 AM,12:00 PM,"505-011","DS","Lecture","","",""
01 May 2025,12:00 PM,1:00 PM,"505-011","221","Lecture","","",""
02 May 2025,8:30 AM,2:00 PM,"502150N & S, 502039 & 041","MSS","Test","Musculoskeletal System Practical Skills Test","",""
05 May 2025,8:00 AM,9:00 AM,"505-011","DS","Lecture","","",""
05 May 2025,9:00 AM,10:00 AM,"505-011","PCS1","Lecture","SAFE-DRS: Encountering suicide, How to talk about it","L Ng",""
05 May 2025,11:00 AM,12:00 PM,"505-011","POM","Lecture","Answering Case Scenario Questions: Genetics","C Print",""
05 May 2025,12:00 PM,1:00 PM,"505-011","DS","Lecture","","",""
05 May 2025,1:30 PM,3:00 PM,"502034","PCS1","Clinical Skills","Intro B","","SGA 9-10"
05 May 2025,2:00 PM,3:45 PM,"502003, 503024, 503122, 503126, 503128, 502-463","PCS1","SGA","Ethical Cases - Confidentiality","","SGA 1-6"
05 May 2025,3:30 PM,5:00 PM,"502034","PCS1","Clinical Skills","Intro B","","SGA 17-18"
05 May 2025,4:00 PM,5:45 PM,"502003, 503024, 503122, 503126, 507G125, 507-G135","PCS1","SGA","Ethical Cases - Confidentiality","","SGA 7-12"
06 May 2025,9:00 AM,10:00 AM,"505-011","DS","Lecture","","",""
06 May 2025,11:00 AM,12:00 PM,"505-011","DS","Lecture","","",""
06 May 2025,12:00 PM,1:00 PM,"505-011","DS","Lecture","","",""
06 May 2025,2:00 PM,5:00 PM,"503-124","DS","Computer Lab","Nutrition Lab","","Nutrition 1"
06 May 2025,2:00 PM,5:00 PM,"Offsite","LabILA","GP Visit","","",""
07 May 2025,9:00 AM,11:00 AM,"HAL","DS","Workshop","","","Tbl 1A-15A"
07 May 2025,11:00 AM,1:00 PM,"HAL","DS","Workshop","","","Tbl 1B-15B"
07 May 2025,1:30 PM,3:00 PM,"502034","PCS1","Clinical Skills","Musculoskeletal","","SGA 3-4"
07 May 2025,2:00 PM,3:45 PM,"502003, 503024, 503122, 503126, 503128, 507G007","PCS1","SGA","Ethical Cases - Confidentiality","","SGA 13-18"
07 May 2025,3:30 PM,5:00 PM,"502034","PCS1","Clinical Skills","Musculoskeletal","","SGA 9-10"
07 May 2025,4:00 PM,5:45 PM,"502003, 503024, 503122, 503126, 503128, 507LG045","PCS1","SGA","Ethical Cases - Confidentiality","","SGA 19-24"
08 May 2025,8:00 AM,9:00 AM,"505-011","DS","Lecture","","",""
08 May 2025,9:00 AM,10:00 AM,"505-011","DS","Lecture","","",""
08 May 2025,11:00 AM,12:00 PM,"505-011","PCS1","Lecture","Addiction, addictive behaviors and the physician","R San Diego",""
08 May 2025,12:00 PM,1:00 PM,"505-011","POM","Lecture","A Multi-Disciplinary Understanding of Cancer: from Tumor Biology to Clinical Care - Part 1","C Print",""
08 May 2025,2:00 PM,5:00 PM,"503-124","DS","Computer Lab","Nutrition Lab","","Nutrition 2"
08 May 2025,2:00 PM,5:00 PM,"Offsite","LabILA","GP Visit","","",""
09 May 2025,8:00 AM,9:00 AM,"505-011","DS","Lecture","","",""
09 May 2025,9:00 AM,10:30 AM,"502150N & S, 502039 & 041","DS","Lab","","","Tbl 1A-15A"
09 May 2025,9:00 AM,11:00 AM,"HAL","DS","Workshop","","","Tbl 1B-15B"
09 May 2025,11:00 AM,12:30 PM,"502150N & S, 502039 & 041","DS","Lab","","","Tbl 1B-15B"
09 May 2025,11:00 AM,1:00 PM,"HAL","DS","Workshop","","","Tbl 1A-15A"
09 May 2025,1:30 PM,3:00 PM,"502034","PCS1","Clinical Skills","Digestive A","","SGA 11-12"
09 May 2025,3:30 PM,5:00 PM,"502034","PCS1","Clinical Skills","Digestive A","","SGA 13-14"
09 May 2025,10:00 PM,10:00 PM,"","PCS1","Deadline","Ethical Reasoning Group Assignment","",""
12 May 2025,9:00 AM,10:00 AM,"505-011","221","Lecture","","",""
12 May 2025,11:00 AM,12:00 PM,"505-011","DS","Lecture","","",""
12 May 2025,12:00 PM,1:00 PM,"505-011","PCS1","Lecture","Competency and Safety – putting ourselves in the picture","P Reid",""
12 May 2025,1:30 PM,3:00 PM,"502034","PCS1","Clinical Skills","Digestive A","","SGA 7-8"
12 May 2025,2:00 PM,3:45 PM,"502003, 503024, 503122, 503126, 503128, 507-LG004","PCS1","SGA","SAFE-DRS: Behavior Change","","SGA 1-6"
12 May 2025,3:30 PM,5:00 PM,"502034","PCS1","Clinical Skills","Digestive A","","SGA 15-16"
12 May 2025,4:00 PM,5:45 PM,"502003, 503024, 503122, 503126, 507G125, 507-G135","PCS1","SGA","SAFE-DRS: Behavior Change","","SGA 7-12"
13 May 2025,9:00 AM,10:00 AM,"505-011","DS","Lecture","","",""
13 May 2025,11:00 AM,12:00 PM,"505-011","DS","Lecture","","",""
13 May 2025,12:00 PM,1:00 PM,"505-011","DS","Lecture","","",""
13 May 2025,2:00 PM,5:00 PM,"503-124","DS","Computer Lab","Nutrition Lab","","Nutrition 3"
13 May 2025,2:00 PM,5:00 PM,"Offsite","LabILA","GP Visit","","",""
14 May 2025,9:00 AM,11:00 AM,"HAL","DS","Workshop","","","Tbl 1A-15A"
14 May 2025,11:00 AM,1:00 PM,"HAL","DS","Workshop","","","Tbl 1B-15B"
14 May 2025,1:30 PM,3:00 PM,"502034","PCS1","Clinical Skills","Digestive A","","SGA 9-10"
14 May 2025,2:00 PM,3:45 PM,"502003, 503024, 503122, 503126, 503128, 507G007","PCS1","SGA","SAFE-DRS: Behavior Change","","SGA 13-18"
14 May 2025,3:30 PM,5:00 PM,"502034","PCS1","Clinical Skills","Digestive A","","SGA 1-2"
14 May 2025,4:00 PM,5:45 PM,"502003, 503024, 503122, 503126, 503128, 507LG045","PCS1","SGA","SAFE-DRS: Behavior Change","","SGA 19-24"
15 May 2025,8:00 AM,9:00 AM,"505-011","DS","Lecture","","",""
15 May 2025,9:00 AM,10:00 AM,"505-011","DS","Lecture","","",""
15 May 2025,11:00 AM,12:00 PM,"505-011","POM","Lecture","A multi-disciplinary understanding of cancer: from tumour biology to clinical care - Part 2","C Print",""
15 May 2025,12:00 PM,1:00 PM,"505-011","DS","Lecture","","",""
15 May 2025,2:00 PM,5:00 PM,"503-124","DS","Computer Lab","Nutrition Lab","","Nutrition 4"
16 May 2025,8:00 AM,9:00 AM,"505-011","DS","Lecture","","",""
16 May 2025,9:00 AM,10:30 AM,"502150N & S, 502039 & 041","DS","Lab","","","Tbl 1A-15A"
16 May 2025,9:00 AM,11:00 AM,"HAL","DS","Workshop","","","Tbl 1B-15B"
16 May 2025,11:00 AM,12:30 PM,"502150N & S, 502039 & 041","DS","Lab","","","Tbl 1B-15B"
16 May 2025,11:00 AM,1:00 PM,"HAL","DS","Workshop","","","Tbl 1A-15A"
16 May 2025,1:30 PM,3:00 PM,"502034","PCS1","Clinical Skills","Digestive A","","SGA 21-22"
16 May 2025,2:00 PM,5:00 PM,"Offsite","LabILA","GP Visit","","",""
16 May 2025,3:30 PM,5:00 PM,"502034","PCS1","Clinical Skills","Digestive A","","SGA 23-24"
19 May 2025,12:00 AM,12:00 AM,"","PCS1","Deadline","How to talk about suicide Homework (bring to your SGA group)","",""
19 May 2025,8:00 AM,9:00 AM,"505-011","DS","Lecture","","",""
19 May 2025,9:00 AM,10:00 AM,"505-011","POM","Lecture","Cellular and Environmental Basis of Malignancy","C Blenkiron",""
19 May 2025,11:00 AM,12:00 PM,"505-011","DS","Lecture","","",""
19 May 2025,12:00 PM,1:00 PM,"505-011","DS","Lecture","","",""
19 May 2025,1:30 PM,3:00 PM,"502034","PCS1","Clinical Skills","Digestive A","","SGA 17-18"
19 May 2025,2:00 PM,3:45 PM,"502003, 503024, 503122, 503126, 503128, 502-463","PCS1","SGA","SAFE-DRS: How to talk about suicide","","SGA 1-6"
19 May 2025,4:00 PM,5:30 PM,"502034","PCS1","Clinical Skills","Digestive A","","SGA 3-4"
19 May 2025,4:00 PM,5:45 PM,"502003, 503024, 503122, 503126, 507G125, 507-G135","PCS1","SGA","SAFE-DRS: How to talk about suicide","","SGA 7-12"
20 May 2025,9:00 AM,10:00 AM,"505-011","PCS1","Lecture","Is Cultural Competence safe? Definitions and Development","P Reid",""
20 May 2025,11:00 AM,12:00 PM,"505-011","POM","Lecture","Genes and Cancer","P Browlett",""
20 May 2025,12:00 PM,1:00 PM,"505-011","DS","Lecture","","",""
20 May 2025,2:00 PM,5:00 PM,"503-124","DS","Computer Lab","Nutrition Lab","","Nutrition 5"
20 May 2025,2:00 PM,5:00 PM,"Offsite","LabILA","GP Visit","","",""
21 May 2025,12:00 AM,12:00 AM,"","PCS1","Deadline","How to talk about suicide Homework (bring to your SGA group)","",""
21 May 2025,9:00 AM,11:00 AM,"HAL","DS","Workshop","","","Tbl 1A-15A"
21 May 2025,11:00 AM,1:00 PM,"HAL","DS","Workshop","","","Tbl 1B-15B"
21 May 2025,1:30 PM,3:00 PM,"502034","PCS1","Clinical Skills","Digestive A","","SGA 19-20"
21 May 2025,2:00 PM,3:45 PM,"502003, 503024, 503122, 503126, 503128, 507G007","PCS1","SGA","SAFE-DRS: How to talk about suicide","","SGA 13-18"
21 May 2025,3:30 PM,5:00 PM,"502034","PCS1","Clinical Skills","Digestive A","","SGA 5-6"
21 May 2025,4:00 PM,5:45 PM,"502003, 503024, 503122, 503126, 503128, 507LG045","PCS1","SGA","SAFE-DRS: How to talk about suicide","","SGA 19-24"
22 May 2025,8:00 AM,9:00 AM,"505-011","DS","Lecture","","",""
22 May 2025,9:00 AM,10:00 AM,"505-011","DS","Lecture","","",""
22 May 2025,11:00 AM,12:00 PM,"505-011","POM","Lecture","Familial Cancer","P Browlett",""
22 May 2025,12:00 PM,1:00 PM,"505-011","DS","Lecture","","",""
22 May 2025,2:00 PM,5:00 PM,"503-124","DS","Computer Lab","Nutrition Lab","","Nutrition 6"
22 May 2025,2:00 PM,5:00 PM,"Offsite","LabILA","GP Visit","","",""
23 May 2025,8:00 AM,9:00 AM,"505-011","DS","Lecture","","",""
23 May 2025,9:00 AM,10:30 AM,"502150N & S, 502039 & 041","DS","Lab","","","Tbl 1A-15A"
23 May 2025,11:00 AM,12:30 PM,"502150N & S, 502039 & 041","DS","Lab","","","Tbl 1B-15B"
23 May 2025,1:30 PM,3:00 PM,"502034","PCS1","Clinical Skills","Digestive B","","SGA 1-2"
23 May 2025,2:00 PM,5:00 PM,"Offsite","LabILA","GP Visit","","",""
23 May 2025,3:30 PM,5:00 PM,"502034","PCS1","Clinical Skills","Digestive B","","SGA 9-10"
26 May 2025,8:00 AM,9:00 AM,"505-011","DS","Lecture","","",""
26 May 2025,9:00 AM,10:00 AM,"505-011","DS","Lecture","","",""
26 May 2025,11:00 AM,12:00 PM,"505-011","DS","Lecture","","",""
26 May 2025,12:00 PM,1:00 PM,"505-011","DS","Lecture","","",""
26 May 2025,1:30 PM,3:00 PM,"502034","PCS1","Clinical Skills","Digestive B","","SGA 11-12"
26 May 2025,2:00 PM,3:45 PM,"502003, 503024, 503122, 503126, 503128, 502-463","PCS1","SGA","SAFE-DRS: Stress and the Mind-Body Connection + PDTs Discussion","","SGA 1-6"
26 May 2025,3:30 PM,5:00 PM,"502034","PCS1","Clinical Skills","Digestive B","","SGA 13-14"
26 May 2025,4:00 PM,5:45 PM,"502003, 503024, 503122, 503126, 507G125, 507-G135","PCS1","SGA","SAFE-DRS: Stress and the Mind-Body Connection + PDTs Discussion","","SGA 7-12"
26 May 2025,10:00 PM,10:00 PM,"","PCS1","Deadline","SAFE-DRS Journal 1","",""
27 May 2025,9:00 AM,10:00 AM,"505-011","PCS1","Lecture","LGBTQIA|Takatāpui+ health: An Introduction","N Paton",""
27 May 2025,11:00 AM,12:00 PM,"505-011","POM","Lecture","Cancer Immunology","C Print",""
27 May 2025,12:00 PM,1:00 PM,"505-011","POM","Lecture","Cancer Research Symposium","C Print, C Blenkiron",""
27 May 2025,2:00 PM,5:00 PM,"503-124","DS","Computer Lab","Nutrition Lab","","Nutrition 7"
27 May 2025,2:00 PM,5:00 PM,"Offsite","LabILA","GP Visit","","",""
28 May 2025,1:30 PM,3:00 PM,"502034","PCS1","Clinical Skills","Digestive B","","SGA 7-8"
28 May 2025,2:00 PM,3:45 PM,"502003, 503024, 503122, 503126, 503128, 507G007","PCS1","SGA","SAFE-DRS: Stress and the Mind-Body Connection + PDTs Discussion","","SGA 13-18"
28 May 2025,3:30 PM,5:00 PM,"502034","PCS1","Clinical Skills","Digestive B","","SGA 5-6"
28 May 2025,4:00 PM,5:45 PM,"502003, 503024, 503122, 503126, 503128, 507LG045","PCS1","SGA","SAFE-DRS: Stress and the Mind-Body Connection + PDTs Discussion","","SGA 19-24"
29 May 2025,8:00 AM,9:00 AM,"505-011","221","Lecture","","",""
29 May 2025,9:00 AM,10:00 AM,"505-011","POM","Lecture","Nutrition in Cancer","C Wall",""
29 May 2025,11:00 AM,12:00 PM,"505-011","DS","Lecture","","",""
29 May 2025,12:00 PM,1:00 PM,"505-011","PCS1","Lecture","LGBTQIA|Takatāpui+ health in practice","N Paton",""
29 May 2025,2:00 PM,5:00 PM,"Offsite","LabILA","GP Visit","","",""
30 May 2025,8:00 AM,9:00 AM,"505-011","221","Lecture","","",""
30 May 2025,9:00 AM,11:00 AM,"502150N&S, 502039 & 041","POM","Workshop","Cancer Workshop","","Tbl 1A-10A"
30 May 2025,11:30 AM,1:30 PM,"502150N&S, 502039 & 041","POM","Workshop","Cancer Workshop","","Tbl 1B-10B"
30 May 2025,2:00 PM,4:00 PM,"502150N&S, 502039 & 041","POM","Workshop","Cancer Workshop","","Tbl 11A-15A & Tbl 11B-15B"
03 Jun 2025,6:00 PM,8:30 PM,"505-011, 505-007","DS","Test","Digestive System End-of-Module Test","",""
04 Jun 2025,1:00 PM,2:00 PM,"503024, 503126, 503020, 503028","POM","Tutorial","Issues for a Family with Breast Cancer","","Tbl 1A-10A"
04 Jun 2025,1:30 PM,3:00 PM,"502034","PCS1","Clinical Skills","Digestive B","","SGA 15-16"
04 Jun 2025,2:00 PM,3:00 PM,"503024, 503126, 502003, 507G007","POM","Tutorial","Issues for a Family with Breast Cancer","","Tbl 11B-15B"
04 Jun 2025,3:30 PM,5:00 PM,"502034","PCS1","Clinical Skills","Digestive B","","SGA 19-20"
05 Jun 2025,8:00 AM,9:00 AM,"505-011","221","Lecture","","",""
05 Jun 2025,9:00 AM,10:00 AM,"505-011","221","Lecture","","",""
05 Jun 2025,11:00 AM,12:00 PM,"505-011","221","Lecture","","",""
05 Jun 2025,11:00 AM,12:00 PM,"502001, 503020, 503028","POM","Tutorial","Issues for a Family with Breast Cancer","","Tbl 1B-10B"
05 Jun 2025,12:00 PM,1:00 PM,"505-011","221","Lecture","","",""
05 Jun 2025,12:00 PM,1:00 PM,"502001, 503020, 503028","POM","Tutorial","Issues for a Family with Breast Cancer","","Tbl 11A-15A"
06 Jun 2025,8:00 AM,2:00 PM,"502150N & S, 502039 & 041","DS","Test","Digestive System Practical Skills Test","",""
09 Jun 2025,7:59 AM,5:59 PM,"","PCS1","Test","Core Skills Assessment","",""
09 Jun 2025,8:00 AM,9:00 AM,"505-011","CVS","Lecture","","",""
09 Jun 2025,9:00 AM,10:00 AM,"505-011","CVS","Lecture","","",""
09 Jun 2025,11:00 AM,12:00 PM,"505-011","CVS","Lecture","","",""
09 Jun 2025,12:00 PM,1:00 PM,"505-011","CVS","Lecture","","",""
09 Jun 2025,2:00 PM,5:00 PM,"Offsite","LabILA","GP Visit","","",""
10 Jun 2025,7:59 AM,5:59 PM,"","PCS1","Test","Core Skills Assessment","",""
10 Jun 2025,8:00 AM,9:30 AM,"502-250N&S & 502-150N&S","CVS","Clinical Problems","Clinical Problem 1","","Tbl 1A-15A & Tbl 1B-5B"
10 Jun 2025,11:00 AM,12:00 PM,"505-011","CVS","Lecture","","",""
10 Jun 2025,12:00 PM,1:00 PM,"505-011","CVS","Lecture","","",""
10 Jun 2025,2:00 PM,5:00 PM,"Offsite","LabILA","GP Visit","","",""
11 Jun 2025,7:59 AM,5:59 PM,"","PCS1","Test","Core Skills Assessment","",""
11 Jun 2025,8:00 AM,9:30 AM,"502-250 N&S","CVS","Clinical Problems","Clinical Problem 1","","Tbl 6B-15B"
11 Jun 2025,9:00 AM,11:00 AM,"HAL","CVS","Workshop","","","Tbl 1A-15A"
11 Jun 2025,11:00 AM,1:00 PM,"HAL","CVS","Workshop","","","Tbl 1B-15B"
11 Jun 2025,2:00 PM,5:00 PM,"Offsite","LabILA","GP Visit","","",""
12 Jun 2025,7:59 AM,5:59 PM,"","PCS1","Test","Core Skills Assessment","",""
12 Jun 2025,8:00 AM,9:00 AM,"505-011","POM","Lecture","Introduction to Case Scenario Questions in Cancer","C Print",""
12 Jun 2025,9:00 AM,10:00 AM,"505-011","CVS","Lecture","","",""
12 Jun 2025,11:00 AM,12:00 PM,"505-011","CVS","Lecture","","",""
12 Jun 2025,12:00 PM,1:00 PM,"505-011","CVS","Lecture","","",""
12 Jun 2025,2:00 PM,5:00 PM,"502-250 N&S","CVS","Phys Lab","ECG","","SGA 19-24"
12 Jun 2025,2:00 PM,5:00 PM,"Offsite","LabILA","GP Visit","","",""
13 Jun 2025,7:59 AM,5:59 PM,"","PCS1","Test","Core Skills Assessment","",""
13 Jun 2025,8:00 AM,9:00 AM,"505-011","CVS","Lecture","","",""
13 Jun 2025,9:00 AM,10:30 AM,"502150N & S, 502039 & 041","CVS","Lab","","","Tbl 1A-15A"
13 Jun 2025,9:00 AM,11:00 AM,"HAL","CVS","Workshop","","","Tbl 1B-15B"
13 Jun 2025,11:00 AM,12:30 PM,"502150N & S, 502039 & 041","CVS","Lab","","","Tbl 1B-15B"
13 Jun 2025,11:00 AM,1:00 PM,"HAL","CVS","Workshop","","","Tbl 1A-15A"
13 Jun 2025,2:00 PM,5:00 PM,"502-250 N&S","CVS","Phys Lab","ECG","","SGA 1-6"
16 Jun 2025,12:00 AM,12:00 AM,"","PCS1","Deadline","Alcohol & Drugs Homework (bring to your SGA group)","",""
16 Jun 2025,8:00 AM,9:00 AM,"505-011","CVS","Lecture","","",""
16 Jun 2025,9:00 AM,10:00 AM,"505-011","POM","Lecture","Free-Form Revision Session","C Print",""
16 Jun 2025,11:00 AM,12:00 PM,"505-011","CVS","Lecture","","",""
16 Jun 2025,12:00 PM,1:00 PM,"505-011","PCS1","Lecture","Finding meaning: Grief, loss and suffering","V Jones",""
16 Jun 2025,1:30 PM,3:00 PM,"502034","PCS1","Clinical Skills","Digestive B","","SGA 17-18"
16 Jun 2025,2:00 PM,3:45 PM,"502003, 503024, 503122, 503126, 503128, 507-LG004","PCS1","SGA","Cultural Safety","","SGA 1-6"
16 Jun 2025,3:30 PM,5:00 PM,"502034","PCS1","Clinical Skills","Digestive B","","SGA 21-22"
16 Jun 2025,4:00 PM,5:45 PM,"502003, 503024, 503122, 503126, 507G125, 507-G135","PCS1","SGA","Cultural Safety","","SGA 7-12"
16 Jun 2025,10:00 PM,10:00 PM,"","PCS1","Deadline","PCS1 Ethics assignment","",""
17 Jun 2025,8:00 AM,9:30 AM,"502-250N&S & 502-150N&S","CVS","Clinical Problems","Clinical Problem 2","","Tbl 1A-15A & Tbl 1B-5B"
17 Jun 2025,11:00 AM,12:00 PM,"505-011","CVS","Lecture","","",""
17 Jun 2025,12:00 PM,1:00 PM,"505-011","CVS","Lecture","","",""
17 Jun 2025,2:00 PM,5:00 PM,"502-250 N&S","CVS","Phys Lab","ECG","","SGA 7-12"
18 Jun 2025,12:00 AM,12:00 AM,"","PCS1","Deadline","Alcohol & Drugs Homework (bring to your SGA group)","",""
18 Jun 2025,8:00 AM,9:30 AM,"502-250 N&S","CVS","Clinical Problems","Clinical Problem 2","","Tbl 6B-15B"
18 Jun 2025,9:00 AM,11:00 AM,"HAL","CVS","Workshop","","","Tbl 1A-15A"
18 Jun 2025,11:00 AM,1:00 PM,"HAL","CVS","Workshop","","","Tbl 1B-15B"
18 Jun 2025,1:30 PM,3:00 PM,"502034","PCS1","Clinical Skills","Digestive B","","SGA 23-24"
18 Jun 2025,2:00 PM,3:45 PM,"502003, 503024, 503122, 503126, 503128, 507G007","PCS1","SGA","Cultural Safety","","SGA 13-18"
18 Jun 2025,4:00 PM,5:30 PM,"502034","PCS1","Clinical Skills","Digestive B","","SGA 3-4"
18 Jun 2025,4:00 PM,5:45 PM,"502003, 503024, 503122, 503126, 503128, 507LG045","PCS1","SGA","Cultural Safety","","SGA 19-24"
19 Jun 2025,8:00 AM,9:00 AM,"505-011","CVS","Lecture","","",""
19 Jun 2025,9:00 AM,10:00 AM,"505-011","CVS","Lecture","","",""
19 Jun 2025,11:00 AM,12:00 PM,"505-011","CVS","Lecture","","",""
19 Jun 2025,12:00 PM,1:00 PM,"505-011","CVS","Lecture","","",""
19 Jun 2025,2:00 PM,5:00 PM,"502-250 N&S","CVS","Phys Lab","ECG","","SGA 13-18"
20 Jun 2025,10:00 PM,10:00 PM,"","PCS1","Deadline","SAFE-DRS Journal 2","",""
25 Jun 2025,6:00 PM,8:30 PM,"505-011, 505-007","POM","Test","Principles of Medicine End-of-Module Test","",""
14 Jul 2025,8:30 AM,6:30 PM,"","221","MHI","","",""
15 Jul 2025,8:30 AM,6:30 PM,"","221","MHI","","",""
16 Jul 2025,8:30 AM,6:30 PM,"","221","MHI","","",""
17 Jul 2025,7:59 AM,5:59 PM,"","HM","Deadline","Māori Health Intensive Poster","",""
17 Jul 2025,8:30 AM,6:30 PM,"","221","MHI","","",""
18 Jul 2025,10:00 AM,1:00 PM,"","221","Test","Progress Test (PT38)","",""
21 Jul 2025,12:00 AM,12:00 AM,"","PCS1","Deadline","Cultural Safety Homework (bring to your SGA group)","",""
21 Jul 2025,8:00 AM,9:00 AM,"505-011","CVS","Lecture","","",""
21 Jul 2025,9:00 AM,10:00 AM,"505-011","CVS","Lecture","","",""
21 Jul 2025,11:00 AM,12:00 PM,"505-011","CVS","Lecture","","",""
21 Jul 2025,12:00 PM,1:00 PM,"505-011","CVS","Lecture","","",""
21 Jul 2025,2:00 PM,3:45 PM,"502003, 503024, 503122, 503126, 503128, 507LG045","PCS1","SGA","Grief and Spirituality","","SGA 1-6"
21 Jul 2025,4:00 PM,5:45 PM,"502003, 503024, 503122, 503126, 507LG045, 503128","PCS1","SGA","Grief and Spirituality","","SGA 7-12"
21 Jul 2025,10:00 PM,10:00 PM,"","PCS1","Deadline","Portfolio Development Tasks","",""
22 Jul 2025,8:00 AM,9:30 AM,"502-250N&S & 502-150N&S","CVS","Clinical Problems","Clinical Problem 3","","Tbl 1A-15A & Tbl 1B-5B"
22 Jul 2025,11:00 AM,12:00 PM,"505-011","CVS","Lecture","","",""
22 Jul 2025,12:00 PM,1:00 PM,"505-011","CVS","Lecture","","",""
22 Jul 2025,1:30 PM,3:00 PM,"502034","PCS1","Clinical Skills","Cardiovascular A","","SGA 17-18"
22 Jul 2025,2:00 PM,5:00 PM,"502-250 N&S","CVS","Phys Lab","Autonomic Control","","SGA 1-6"
22 Jul 2025,3:30 PM,5:00 PM,"502034","PCS1","Clinical Skills","Cardiovascular A","","SGA 15-16"
23 Jul 2025,12:00 AM,12:00 AM,"","PCS1","Deadline","Cultural Safety Homework (bring to your SGA group)","",""
23 Jul 2025,8:00 AM,9:30 AM,"502-250 N&S","CVS","Clinical Problems","Clinical Problem 3","","Tbl 6B-15B"
23 Jul 2025,2:00 PM,3:45 PM,"502003, 503024, 503122, 503126, 503128, 507LG045","PCS1","SGA","Grief and Spirituality","","SGA 13-18"
23 Jul 2025,4:00 PM,5:45 PM,"502003, 503024, 503122, 503126, 503128, 507LG045","PCS1","SGA","Grief and Spirituality","","SGA 19-24"
24 Jul 2025,8:00 AM,9:00 AM,"505-011","PCS1","Lecture","Communication Skills 2","A Wearn",""
24 Jul 2025,9:00 AM,10:00 AM,"505-011","CVS","Lecture","","",""
24 Jul 2025,11:00 AM,12:00 PM,"505-011","CVS","Lecture","","",""
24 Jul 2025,12:00 PM,1:00 PM,"505-011","CVS","Lecture","","",""
24 Jul 2025,1:30 PM,3:00 PM,"502034","PCS1","Clinical Skills","Cardiovascular A","","SGA 7-8"
24 Jul 2025,2:00 PM,5:00 PM,"502-250 N&S","CVS","Phys Lab","Autonomic Control","","SGA 13-18"
24 Jul 2025,3:30 PM,5:00 PM,"502034","PCS1","Clinical Skills","Cardiovascular A","","SGA 5-6"
25 Jul 2025,9:00 AM,10:30 AM,"502150N & S, 502039 & 041","CVS","Lab","","","Tbl 1A-15A"
25 Jul 2025,11:00 AM,12:30 PM,"502150N & S, 502039 & 041","CVS","Lab","","","Tbl 1B-15B"
25 Jul 2025,2:00 PM,5:00 PM,"502-250 N&S","CVS","Phys Lab","Autonomic Control","","SGA 19-24"
25 Jul 2025,2:00 PM,5:00 PM,"Offsite","LabILA","GP Visit","","",""
28 Jul 2025,8:00 AM,9:00 AM,"505-011","CVS","Lecture","","",""
28 Jul 2025,9:00 AM,10:00 AM,"505-011","PCS1","Lecture","","",""
28 Jul 2025,11:00 AM,12:00 PM,"505-011","CVS","Lecture","","",""
28 Jul 2025,12:00 PM,1:00 PM,"505-011","CVS","Lecture","","",""
28 Jul 2025,2:00 PM,3:45 PM,"502003, 503024, 503122, 503126, 503128, 507LG045","PCS1","SGA","Communication Skills: Initiating the Patient Interview","","SGA 1-6"
28 Jul 2025,4:00 PM,5:45 PM,"502003, 503024, 503122, 503126, 507LG045, 503128","PCS1","SGA","Communication Skills: Initiating the Patient Interview","","SGA 7-12"
29 Jul 2025,8:00 AM,9:30 AM,"502-250N&S & 502-150N&S","CVS","Clinical Problems","Clinical Problem 4","","Tbl 1A-15A & Tbl 1B-5B"
29 Jul 2025,11:00 AM,12:00 PM,"505-011","CVS","Lecture","","",""
29 Jul 2025,12:00 PM,1:00 PM,"505-011","CVS","Lecture","","",""
29 Jul 2025,1:30 PM,3:00 PM,"502034","PCS1","Clinical Skills","Cardiovascular A","","SGA 21-22"
29 Jul 2025,2:00 PM,5:00 PM,"502-250 N&S","CVS","Phys Lab","Autonomic Control","","SGA 7-12"
29 Jul 2025,3:30 PM,5:00 PM,"502034","PCS1","Clinical Skills","Cardiovascular A","","SGA 13-14"
30 Jul 2025,8:00 AM,9:30 AM,"502-250 N&S","CVS","Clinical Problems","Clinical Problem 4","","Tbl 6B-15B"
30 Jul 2025,2:00 PM,3:45 PM,"502003, 503024, 503122, 503126, 503128, 507LG045","PCS1","SGA","Communication Skills: Initiating the Patient Interview","","SGA 13-18"
30 Jul 2025,4:00 PM,5:45 PM,"502003, 503024, 503122, 503126, 503128, 507LG045","PCS1","SGA","Communication Skills: Initiating the Patient Interview","","SGA 19-24"
31 Jul 2025,8:00 AM,9:00 AM,"505-011","CVS","Lecture","","",""
31 Jul 2025,9:00 AM,10:00 AM,"505-011","CVS","Lecture","","",""
31 Jul 2025,11:00 AM,12:00 PM,"505-011","CVS","Lecture","","",""
31 Jul 2025,12:00 PM,1:00 PM,"505-011","CVS","Lecture","","",""
31 Jul 2025,1:30 PM,3:00 PM,"502034","PCS1","Clinical Skills","Cardiovascular A","","SGA 1-2"
31 Jul 2025,3:30 PM,5:00 PM,"502034","PCS1","Clinical Skills","Cardiovascular A","","SGA 3-4"
01 Aug 2025,1:30 PM,3:00 PM,"502034","PCS1","Clinical Skills","Cardiovascular A","","SGA 19-20"
01 Aug 2025,3:30 PM,5:00 PM,"502034","PCS1","Clinical Skills","Cardiovascular A","","SGA 9-10"
01 Aug 2025,10:00 PM,10:00 PM,"","LabILA","Deadline","Chest Pain ILA","",""
04 Aug 2025,6:00 PM,8:30 PM,"505-011, 505-007","CVS","Test","Cardiovascular System End-of-Module Test","",""
05 Aug 2025,11:00 AM,12:00 PM,"505-011","RS","Lecture","","",""
05 Aug 2025,12:00 PM,1:00 PM,"505-011","CP","Lecture","","",""
05 Aug 2025,1:30 PM,3:00 PM,"502034","PCS1","Clinical Skills","Cardiovascular A","","SGA 23-24"
05 Aug 2025,3:30 PM,5:00 PM,"502034","PCS1","Clinical Skills","Cardiovascular A","","SGA 11-12"
06 Aug 2025,1:00 PM,2:00 PM,"503024, 503122, 503126, 503028","CP","Tutorial","What I need to know about medicine","Please refer to Canvas for group allocations. ",""
06 Aug 2025,2:00 PM,3:00 PM,"502003, 503024, 503126, 503122","CP","Tutorial","What I need to know about medicine","Please refer to Canvas for group allocations. ",""
06 Aug 2025,3:00 PM,4:00 PM,"502003, 503024, 503126, 503122","CP","Tutorial","What I need to know about medicine","Please refer to Canvas for group allocations. ",""
06 Aug 2025,4:00 PM,5:00 PM,"502003, 503024, 503126, 503028","CP","Tutorial","What I need to know about medicine","Please refer to Canvas for group allocations. ",""
07 Aug 2025,8:00 AM,9:00 AM,"505-011","RS","Lecture","","",""
07 Aug 2025,9:00 AM,10:00 AM,"505-011","RS","Lecture","","",""
07 Aug 2025,11:00 AM,12:00 PM,"505-011","221","Lecture","HM - MCQ writing","R Jones",""
07 Aug 2025,12:00 PM,1:00 PM,"505-011","CP","Lecture","","",""
07 Aug 2025,1:30 PM,3:00 PM,"502034","PCS1","Clinical Skills","Cardiovascular B","","SGA 1-2"
07 Aug 2025,3:30 PM,5:00 PM,"502034","PCS1","Clinical Skills","Cardiovascular B","","SGA 3-4"
08 Aug 2025,9:00 AM,10:30 AM,"502150N & S, 502039 & 041","RS","Lab","","","Tbl 1A-15A"
08 Aug 2025,11:00 AM,12:30 PM,"502150N & S, 502039 & 041","RS","Lab","","","Tbl 1B-15B"
08 Aug 2025,1:30 PM,3:00 PM,"502034","PCS1","Clinical Skills","Cardiovascular B","","SGA 21-22"
08 Aug 2025,3:30 PM,5:00 PM,"502034","PCS1","Clinical Skills","Cardiovascular B","","SGA 23-24"
11 Aug 2025,8:00 AM,9:00 AM,"505-011","RS","Lecture","","",""
11 Aug 2025,9:00 AM,10:00 AM,"505-011","RS","Lecture","","",""
11 Aug 2025,11:00 AM,12:00 PM,"505-011","RS","Lecture","","",""
11 Aug 2025,12:00 PM,1:00 PM,"505-011","PCS1","Lecture","The Patient Centered Approach to the Consultation","",""
11 Aug 2025,2:00 PM,3:45 PM,"502003, 503024, 503122, 503126, 503128, 507LG045","PCS1","SGA","Communication Skills: Gathering Information","","SGA 1-6"
11 Aug 2025,4:00 PM,5:45 PM,"502003, 503024, 503122, 503126, 507LG045, 503128","PCS1","SGA","Communication Skills: Gathering Information","","SGA 7-12"
12 Aug 2025,8:00 AM,9:30 AM,"502-250N&S & 502-150N&S","RS","Clinical Problems","RS: CP1","","Tbl 1A-15A & Tbl 1B-5B"
12 Aug 2025,11:00 AM,12:00 PM,"505-011","CP","Lecture","","",""
12 Aug 2025,12:00 PM,1:00 PM,"505-011","RS","Lecture","","",""
12 Aug 2025,1:30 PM,3:00 PM,"502034","PCS1","Clinical Skills","Cardiovascular B","","SGA 17-18"
12 Aug 2025,2:00 PM,5:00 PM,"502-250 N&S","RS","Phys Lab","Mechanics of Ventilation","","SGA 19-24"
12 Aug 2025,3:30 PM,5:00 PM,"502034","PCS1","Clinical Skills","Cardiovascular B","","SGA 13-14"
13 Aug 2025,8:00 AM,9:30 AM,"502-250 N&S","RS","Clinical Problems","RS: CP1","","Tbl 6B-15B"
13 Aug 2025,9:00 AM,11:00 AM,"HAL","RS","Workshop","","","Tbl 1A-15A"
13 Aug 2025,11:00 AM,1:00 PM,"HAL","RS","Workshop","","","Tbl 1B-15B"
13 Aug 2025,2:00 PM,3:45 PM,"502003, 503024, 503122, 503126, 503128, 507LG045","PCS1","SGA","Communication Skills: Gathering Information","","SGA 13-18"
13 Aug 2025,4:00 PM,5:45 PM,"502003, 503024, 503122, 503126, 503128, 507LG045","PCS1","SGA","Communication Skills: Gathering Information","","SGA 19-24"
14 Aug 2025,8:00 AM,9:00 AM,"505-011","RS","Lecture","","",""
14 Aug 2025,9:00 AM,10:00 AM,"505-011","RS","Lecture","","",""
14 Aug 2025,11:00 AM,12:00 PM,"505-011","RS","Lecture","","",""
14 Aug 2025,12:00 PM,1:00 PM,"505-011","RS","Lecture","","",""
14 Aug 2025,1:30 PM,3:00 PM,"502034","PCS1","Clinical Skills","Cardiovascular B","","SGA 5-6"
14 Aug 2025,2:00 PM,5:00 PM,"502-250 N&S","RS","Phys Lab","Mechanics of Ventilation","","SGA 13-18"
14 Aug 2025,3:30 PM,5:00 PM,"502034","PCS1","Clinical Skills","Cardiovascular B","","SGA 11-12"
15 Aug 2025,9:00 AM,10:30 AM,"502150N & S, 502039 & 041","RS","Lab","","","Tbl 1A-15A"
15 Aug 2025,11:00 AM,12:30 PM,"502150N & S, 502039 & 041","RS","Lab","","","Tbl 1B-15B"
15 Aug 2025,2:00 PM,5:00 PM,"502-250 N&S","RS","Phys Lab","Mechanics of Ventilation","","SGA 1-6"
15 Aug 2025,2:00 PM,5:00 PM,"Offsite","LabILA","GP Visit","","",""
18 Aug 2025,8:00 AM,9:00 AM,"505-011","RS","Lecture","","",""
18 Aug 2025,9:00 AM,10:00 AM,"505-011","RS","Lecture","","",""
18 Aug 2025,11:00 AM,12:00 PM,"505-011","RS","Lecture","","",""
18 Aug 2025,12:00 PM,1:00 PM,"505-011","RS","Lecture","","",""
18 Aug 2025,2:00 PM,3:45 PM,"502003, 503024, 503122, 503126, 503128, 507LG045","PCS1","SGA","Communication Skills: Asking about Drugs and Alcohol","","SGA 1-6"
18 Aug 2025,4:00 PM,5:45 PM,"502003, 503024, 503122, 503126, 507LG045, 503128","PCS1","SGA","Communication Skills: Asking about Drugs and Alcohol","","SGA 7-12"
19 Aug 2025,8:00 AM,9:30 AM,"502-250N&S & 502-150N&S","RS","Clinical Problems","RS: CP2","","Tbl 1A-15A & Tbl 1B-5B"
19 Aug 2025,11:00 AM,12:00 PM,"505-011","RS","Lecture","","",""
19 Aug 2025,12:00 PM,1:00 PM,"505-011","RS","Lecture","","",""
19 Aug 2025,1:30 PM,3:00 PM,"502034","PCS1","Clinical Skills","Cardiovascular B","","SGA 19-20"
19 Aug 2025,2:00 PM,5:00 PM,"502-250 N&S","RS","Phys Lab","Mechanics of Ventilation","","SGA 7-12"
19 Aug 2025,3:30 PM,5:00 PM,"502034","PCS1","Clinical Skills","Cardiovascular B","","SGA 15-16"
20 Aug 2025,8:00 AM,9:30 AM,"502-250 N&S","RS","Clinical Problems","RS: CP2","","Tbl 6B-15B"
20 Aug 2025,9:00 AM,11:00 AM,"HAL","RS","Workshop","","","Tbl 1A-15A"
20 Aug 2025,11:00 AM,1:00 PM,"HAL","RS","Workshop","","","Tbl 1B-15B"
20 Aug 2025,2:00 PM,3:45 PM,"502003, 503024, 503122, 503126, 503128, 507LG045","PCS1","SGA","Communication Skills: Asking about Drugs and Alcohol","","SGA 13-18"
20 Aug 2025,4:00 PM,5:45 PM,"502003, 503024, 503122, 503126, 503128, 507LG045","PCS1","SGA","Communication Skills: Asking about Drugs and Alcohol","","SGA 19-24"
21 Aug 2025,8:00 AM,9:00 AM,"505-011","PCS1","Lecture","Cultural Safety: Public Health","",""
21 Aug 2025,9:00 AM,10:00 AM,"505-011","RS","Lecture","","",""
21 Aug 2025,11:00 AM,12:00 PM,"505-011","CP","Lecture","","",""
21 Aug 2025,12:00 PM,1:00 PM,"505-011","RS","Lecture","","",""
21 Aug 2025,1:30 PM,3:00 PM,"502034","PCS1","Clinical Skills","Cardiovascular B","","SGA 9-10"
21 Aug 2025,2:00 PM,5:00 PM,"502-250 N&S","RS","Phys Lab","Pulmonary Gas Exchange","","SGA 19-24"
21 Aug 2025,3:30 PM,5:00 PM,"502034","PCS1","Clinical Skills","Cardiovascular B","","SGA 7-8"
21 Aug 2025,10:00 PM,10:00 PM,"","HM","Deadline","Progress test-type question","",""
22 Aug 2025,9:00 AM,11:00 AM,"HAL","RS","Workshop","","","Tbl 1B-15B"
22 Aug 2025,11:00 AM,1:00 PM,"HAL","RS","Workshop","","","Tbl 1A-15A"
22 Aug 2025,2:00 PM,5:00 PM,"502-250 N&S","RS","Phys Lab","Pulmonary Gas Exchange","","SGA 1-6"
25 Aug 2025,8:00 AM,9:00 AM,"505-011","RS","Lecture","","",""
25 Aug 2025,9:00 AM,10:00 AM,"505-011","PCS1","Lecture","Living with disability","A Hogan",""
25 Aug 2025,11:00 AM,12:00 PM,"505-011","RS","Lecture","","",""
25 Aug 2025,12:00 PM,1:00 PM,"505-011","RS","Lecture","","",""
25 Aug 2025,2:00 PM,3:45 PM,"502003, 503024, 503122, 503126, 503128, 507LG045","PCS1","SGA","Communication skills: Review","","SGA 1-6"
25 Aug 2025,4:00 PM,5:45 PM,"502003, 503024, 503122, 503126, 507LG045, 503128","PCS1","SGA","Communication skills: Review","","SGA 7-12"
26 Aug 2025,11:00 AM,12:00 PM,"505-011","CP","Lecture","","",""
26 Aug 2025,12:00 PM,1:00 PM,"505-011","RS","Lecture","","",""
26 Aug 2025,1:30 PM,3:00 PM,"502034","PCS1","Clinical Skills","Respiratory A","","SGA 3-4"
26 Aug 2025,2:00 PM,5:00 PM,"502-250 N&S","RS","Phys Lab","Pulmonary Gas Exchange","","SGA 13-18"
26 Aug 2025,3:30 PM,5:00 PM,"502034","PCS1","Clinical Skills","Respiratory A","","SGA 9-10"
27 Aug 2025,2:00 PM,3:45 PM,"502003, 503024, 503122, 503126, 503128, 507LG045","PCS1","SGA","Communication skills: Review","","SGA 13-18"
27 Aug 2025,4:00 PM,5:45 PM,"502003, 503024, 503122, 503126, 503128, 507LG045","PCS1","SGA","Communication skills: Review","","SGA 19-24"
28 Aug 2025,8:00 AM,9:00 AM,"505-011","CP","Lecture","","",""
28 Aug 2025,9:00 AM,10:00 AM,"505-011","CP","Lecture","","",""
28 Aug 2025,11:00 AM,12:00 PM,"505-011","RS","Lecture","","",""
28 Aug 2025,12:00 PM,1:00 PM,"505-011","CP","Lecture","","",""
28 Aug 2025,1:30 PM,3:00 PM,"502034","PCS1","Clinical Skills","Respiratory A","","SGA 15-16"
28 Aug 2025,2:00 PM,5:00 PM,"502-250 N&S","RS","Phys Lab","Pulmonary Gas Exchange","","SGA 7-12"
28 Aug 2025,3:30 PM,5:00 PM,"502034","PCS1","Clinical Skills","Respiratory A","","SGA 13-14"
29 Aug 2025,8:00 AM,6:00 PM,"502034, 502022, 502-032, 502-011-013, 502-017-015, 502-019-021, 503-024","PCS1","Test","Professional and Clinical Skills 1 End-of-Module Test","",""
15 Sep 2025,8:00 AM,9:00 AM,"505-011","221","Lecture","","",""
15 Sep 2025,9:00 AM,10:00 AM,"505-011","LabILA","Lecture","The Health Status of Adolescents in New Zealand","D Bennett",""
15 Sep 2025,11:00 AM,12:00 PM,"505-011","RS","Lecture","","",""
15 Sep 2025,12:00 PM,1:00 PM,"505-011","221","Lecture","","",""
15 Sep 2025,2:00 PM,5:00 PM,"Offsite","LabILA","GP Visit","","",""
15 Sep 2025,10:00 PM,10:00 PM,"","PCS1","Deadline","Communication Skills Experience (CSE) (hand in CSE report)","",""
16 Sep 2025,11:00 AM,12:00 PM,"","LabILA","Lecture","","",""
16 Sep 2025,12:00 PM,1:00 PM,"505-011","CP","Lecture","","",""
16 Sep 2025,1:30 PM,3:00 PM,"502034","PCS1","Clinical Skills","Respiratory A","","SGA 1-2"
16 Sep 2025,3:30 PM,5:00 PM,"502034","PCS1","Clinical Skills","Respiratory A","","SGA 7-8"
18 Sep 2025,6:00 PM,8:30 PM,"505-011, 505-007","RS","Test","Respiratory System End-of-Module Test","",""
19 Sep 2025,8:30 AM,1:00 PM,"502150N & S, 502039 & 041","RS","Test","Respiratory System Practical Skills Test","",""
22 Sep 2025,8:00 AM,9:00 AM,"505-011","221","Lecture","","",""
22 Sep 2025,9:00 AM,10:00 AM,"505-011","GUS","Lecture","","",""
22 Sep 2025,11:00 AM,12:00 PM,"505-011","CP","Lecture","","",""
22 Sep 2025,12:00 PM,1:00 PM,"505-011","CP","Lecture","","",""
22 Sep 2025,2:00 PM,3:45 PM,"502003, 503020, 503024, 503122, 503126, 503028","PCS1","SGA","Alcohol and Drugs","","SGA 1-6"
22 Sep 2025,4:00 PM,5:45 PM,"502003, 503020, 503024, 503122, 503126, 503028","PCS1","SGA","Alcohol and Drugs","","SGA 7-12"
23 Sep 2025,11:00 AM,12:00 PM,"505-011","CP","Lecture","","",""
23 Sep 2025,12:00 PM,1:00 PM,"505-011","CP","Lecture","","",""
23 Sep 2025,1:30 PM,3:00 PM,"502034","PCS1","Clinical Skills","Respiratory A","","SGA 5-6"
23 Sep 2025,3:30 PM,5:00 PM,"502034","PCS1","Clinical Skills","Respiratory A","","SGA 17-18"
24 Sep 2025,9:00 AM,11:00 AM,"HAL","GUS","Workshop","","","Tbl 1A-15A"
24 Sep 2025,11:00 AM,1:00 PM,"HAL","GUS","Workshop","","","Tbl 1B-15B"
24 Sep 2025,2:00 PM,3:45 PM,"502003, 503024, 503028, 503122, 507G145, 507LG004","PCS1","SGA","Alcohol and Drugs","","SGA 13-18"
24 Sep 2025,4:00 PM,5:45 PM,"502003, 503024, 503028, 503122, 507G145, 507LG004","PCS1","SGA","Alcohol and Drugs","","SGA 19-24"
25 Sep 2025,8:00 AM,9:00 AM,"505-011","GUS","Lecture","","",""
25 Sep 2025,9:00 AM,10:00 AM,"505-011","GUS","Lecture","","",""
25 Sep 2025,11:00 AM,12:00 PM,"505-011","GUS","Lecture","","",""
25 Sep 2025,12:00 PM,1:00 PM,"505-011","GUS","Lecture","","",""
25 Sep 2025,1:30 PM,3:00 PM,"502034","PCS1","Clinical Skills","Respiratory A","","SGA 11-12"
25 Sep 2025,3:30 PM,5:00 PM,"502034","PCS1","Clinical Skills","Respiratory A","","SGA 19-20"
26 Sep 2025,9:00 AM,11:00 AM,"HAL","GUS","Workshop","","","Tbl 1B-15B"
26 Sep 2025,11:00 AM,1:00 PM,"HAL","GUS","Workshop","","","Tbl 1A-15A"
26 Sep 2025,1:30 PM,3:00 PM,"502034","PCS1","Clinical Skills","Respiratory A","","SGA 21-22"
26 Sep 2025,2:00 PM,5:00 PM,"Offsite","LabILA","GP Visit","","",""
26 Sep 2025,3:30 PM,5:00 PM,"502034","PCS1","Clinical Skills","Respiratory A","","SGA 23-24"
28 Sep 2025,10:00 PM,10:00 PM,"","LabILA","Deadline","Human Early Life Development ILA","",""
29 Sep 2025,8:00 AM,9:00 AM,"505-011","GUS","Lecture","","",""
29 Sep 2025,9:00 AM,10:00 AM,"505-011","CP","Lecture","","",""
29 Sep 2025,11:00 AM,12:00 PM,"505-011","GUS","Lecture","","",""
29 Sep 2025,12:00 PM,1:00 PM,"505-011","GUS","Lecture","","",""
29 Sep 2025,2:00 PM,3:00 PM,"503024, 503122, 503126, 507LG045","CP","Tutorial","Doses: Loading & Maintenance","","Tbl 1A-10A"
29 Sep 2025,3:00 PM,4:00 PM,"503024, 503122, 503126, 507LG045","CP","Tutorial","Doses: Loading & Maintenance","","Tbl 1B-10B"
30 Sep 2025,11:00 AM,12:00 PM,"505-011","GUS","Lecture","","",""
30 Sep 2025,12:00 PM,1:00 PM,"505-011","GUS","Lecture","","",""
30 Sep 2025,1:30 PM,3:00 PM,"502034","PCS1","Clinical Skills","Respiratory B","","SGA 7-8"
30 Sep 2025,3:30 PM,5:00 PM,"502034","PCS1","Clinical Skills","Respiratory B","","SGA 5-6"
01 Oct 2025,9:00 AM,11:00 AM,"HAL","GUS","Workshop","","","Tbl 1A-15A"
01 Oct 2025,11:00 AM,1:00 PM,"HAL","GUS","Workshop","","","Tbl 1B-15B"
01 Oct 2025,2:00 PM,3:00 PM,"502003, 503024, 503126, 503122","CP","Tutorial","Doses: Loading & Maintenance","","Tbl 11A-15A"
01 Oct 2025,2:00 PM,5:00 PM,"Offsite","LabILA","GP Visit","","",""
01 Oct 2025,3:00 PM,4:00 PM,"502003, 503024, 503126, 503122","CP","Tutorial","Doses: Loading & Maintenance","","Tbl 11B-15B"
02 Oct 2025,8:00 AM,9:00 AM,"505-011","GUS","Lecture","","",""
02 Oct 2025,9:00 AM,10:00 AM,"505-011","CP","Lecture","","",""
02 Oct 2025,11:00 AM,12:00 PM,"505-011","CP","Lecture","","",""
02 Oct 2025,12:00 PM,1:00 PM,"505-011","GUS","Lecture","","",""
02 Oct 2025,1:30 PM,3:00 PM,"502034","PCS1","Clinical Skills","Respiratory B","","SGA 13-14"
02 Oct 2025,3:30 PM,5:00 PM,"502034","PCS1","Clinical Skills","Respiratory B","","SGA 15-16"
03 Oct 2025,9:00 AM,11:00 AM,"HAL","GUS","Workshop","","","Tbl 1B-15B"
03 Oct 2025,9:00 AM,11:00 AM,"502150N & S, 502039 & 041","GUS","Lab","","","Tbl 1A-15A"
03 Oct 2025,11:00 AM,1:00 PM,"HAL","GUS","Workshop","","","Tbl 1A-15A"
03 Oct 2025,11:00 AM,1:00 PM,"502150N & S, 502039 & 041","GUS","Lab","","","Tbl 1B-15B"
03 Oct 2025,1:30 PM,3:00 PM,"502034","PCS1","Clinical Skills","Respiratory B","","SGA 9-10"
03 Oct 2025,2:00 PM,5:00 PM,"Offsite","LabILA","GP Visit","","",""
03 Oct 2025,3:30 PM,5:00 PM,"502034","PCS1","Clinical Skills","Respiratory B","","SGA 21-22"
06 Oct 2025,8:00 AM,9:00 AM,"505-011","221","Lecture","","",""
06 Oct 2025,9:00 AM,10:00 AM,"505-011","GUS","Lecture","","",""
06 Oct 2025,11:00 AM,12:00 PM,"505-011","GUS","Lecture","","",""
06 Oct 2025,12:00 PM,1:00 PM,"505-011","GUS","Lecture","","",""
06 Oct 2025,2:00 PM,5:00 PM,"Offsite","LabILA","GP Visit","","",""
07 Oct 2025,11:00 AM,12:00 PM,"505-011","GUS","Lecture","","",""
07 Oct 2025,12:00 PM,1:00 PM,"505-011","GUS","Lecture","","",""
07 Oct 2025,1:30 PM,3:00 PM,"502034","PCS1","Clinical Skills","Respiratory B","","SGA 1-2"
07 Oct 2025,3:30 PM,5:00 PM,"502034","PCS1","Clinical Skills","Respiratory B","","SGA 3-4"
09 Oct 2025,8:00 AM,9:00 AM,"505-011","GUS","Lecture","","",""
09 Oct 2025,9:00 AM,10:00 AM,"505-011","GUS","Lecture","","",""
09 Oct 2025,11:00 AM,12:00 PM,"505-011","CP","Lecture","","",""
09 Oct 2025,12:00 PM,1:00 PM,"505-011","GUS","Lecture","","",""
09 Oct 2025,1:30 PM,3:00 PM,"502034","PCS1","Clinical Skills","Respiratory B","","SGA 17-18"
09 Oct 2025,3:30 PM,5:00 PM,"502034","PCS1","Clinical Skills","Respiratory B","","SGA 19-20"
10 Oct 2025,10:30 AM,12:00 PM,"502034","PCS1","Clinical Skills","Respiratory B","","SGA 23-24"
10 Oct 2025,12:30 PM,2:00 PM,"502034","PCS1","Clinical Skills","Respiratory B","","SGA 11-12"
10 Oct 2025,2:00 PM,3:30 PM,"502034","PCS1","Clinical Skills","Diabetes","","SGA 11-12"
13 Oct 2025,8:00 AM,9:00 AM,"505-011","GUS","Lecture","","",""
13 Oct 2025,9:00 AM,10:00 AM,"505-011","GUS","Lecture","","",""
13 Oct 2025,11:00 AM,12:00 PM,"505-011","GUS","Lecture","","",""
13 Oct 2025,12:00 PM,1:00 PM,"505-011","GUS","Lecture","","",""
13 Oct 2025,2:00 PM,3:00 PM,"503024, 503122, 503126, 507LG045","CP","Tutorial","Doses:TCI","","Tbl 1A-10A"
13 Oct 2025,3:00 PM,4:00 PM,"503024, 503122, 503126, 507LG045","CP","Tutorial","Doses:TCI","","Tbl 1B-10B"
14 Oct 2025,11:00 AM,12:00 PM,"505-011","CP","Lecture","","",""
14 Oct 2025,12:00 PM,1:00 PM,"505-011","GUS","Lecture","","",""
14 Oct 2025,1:30 PM,3:00 PM,"502034","PCS1","Clinical Skills","Diabetes","","SGA 5-6"
14 Oct 2025,3:30 PM,5:00 PM,"502034","PCS1","Clinical Skills","Diabetes","","SGA 7-8"
15 Oct 2025,2:00 PM,3:00 PM,"502003, 503024, 503126, 503122","CP","Tutorial","Doses:TCI","","Tbl 11A-15A"
15 Oct 2025,3:00 PM,4:00 PM,"502003, 503024, 503126, 503122","CP","Tutorial","Doses:TCI","","Tbl 11B-15B"
16 Oct 2025,8:00 AM,9:00 AM,"505-011","GUS","Lecture","","",""
16 Oct 2025,9:00 AM,10:00 AM,"505-011","GUS","Lecture","","",""
16 Oct 2025,11:00 AM,12:00 PM,"505-011","CP","Lecture","","",""
16 Oct 2025,12:00 PM,1:00 PM,"505-011","GUS","Lecture","","",""
16 Oct 2025,1:30 PM,3:00 PM,"502034","PCS1","Clinical Skills","Diabetes","","SGA 3-4"
16 Oct 2025,3:30 PM,5:00 PM,"502034","PCS1","Clinical Skills","Diabetes","","SGA 1-2"
17 Oct 2025,10:30 AM,12:00 PM,"502034","PCS1","Clinical Skills","Diabetes","","SGA 19-20"
17 Oct 2025,12:30 PM,2:00 PM,"502034","PCS1","Clinical Skills","Diabetes","","SGA 9-10"
17 Oct 2025,2:00 PM,3:30 PM,"502034","PCS1","Clinical Skills","Diabetes","","SGA 13-14"
17 Oct 2025,10:00 PM,10:00 PM,"","CP","Deadline","Therapeutics Project","",""
20 Oct 2025,8:00 AM,9:00 AM,"505-011","221","Lecture","","",""
20 Oct 2025,9:00 AM,10:00 AM,"505-011","GUS","Lecture","","",""
20 Oct 2025,11:00 AM,12:00 PM,"505-011","CP","Lecture","","",""
20 Oct 2025,12:00 PM,1:00 PM,"505-011","CP","Lecture","","",""
21 Oct 2025,11:00 AM,12:00 PM,"505-011","221","Lecture","Medical Humanities Option","S Bull",""
21 Oct 2025,12:00 PM,1:00 PM,"505-011","221","Lecture","","",""
21 Oct 2025,1:30 PM,3:00 PM,"502034","PCS1","Clinical Skills","Diabetes","","SGA 17-18"
21 Oct 2025,3:30 PM,5:00 PM,"502034","PCS1","Clinical Skills","Diabetes","","SGA 15-16"
23 Oct 2025,1:30 PM,3:00 PM,"502034","PCS1","Clinical Skills","Diabetes","","SGA 21-22"
23 Oct 2025,3:30 PM,5:00 PM,"502034","PCS1","Clinical Skills","Diabetes","","SGA 23-24"
24 Oct 2025,8:30 AM,1:00 PM,"502150N & S, 502039 & 041","GUS","Test","Genitourinary System Practical Skills Test","",""
28 Oct 2025,10:00 AM,1:00 PM,"","221","Test","Progress Test (PT39)","",""
29 Oct 2025,6:00 PM,8:30 PM,"505-011, 505-007","GUS","Test","Genitourinary System End-of-Module Test","",""
05 Nov 2025,6:00 PM,8:30 PM,"505-011, 505-007","CP","Test","Clinical Pharmacology End-of-Module Test","",""
06 Nov 2025,10:00 AM,3:00 PM,"HAL","221","FPP","","",""
07 Nov 2025,5:00 PM,5:00 PM,"","LabILA","Deadline","First Patient Project","",""
11 Nov 2025,10:00 PM,10:00 PM,"","LabILA","Deadline","First Patient Project Peermarking completion deadline","",""
